<msdyn_applicationextension msdyn_uniquename="msdyn_CIFV2Loader">
  <iscustomizable>0</iscustomizable>
  <msdyn_appconfig_relationshipname>msdyn_appconfig_msdyn_channelprovider</msdyn_appconfig_relationshipname>
  <msdyn_name>Channel Intergration Framework V2 Loader</msdyn_name>
  <msdyn_relationship_cardinality>387300001</msdyn_relationship_cardinality>
  <msdyn_type>387300000</msdyn_type>
  <msdyn_webresource_url>WebResources/CRMClients/msdyn_channelintegrationframework.js</msdyn_webresource_url>
  <statecode>0</statecode>
  <statuscode>1</statuscode>
</msdyn_applicationextension>